model,Correlation(>0.09),mutual information(>0.2),All
lr,160.8214965241125,160.74809680177202,160.47481076716792
rf,160.13577309991683,160.02828381563734,156.6333635680767
gbr,160.62435964510567,161.0108299740377,157.59277675076046
xgb,160.43622448747817,161.50604900709263,157.60582117943648
svr,-164.53737574333613,-165.33919614961968,-162.64873054789877
